"Time","Sprattussprattus"
0,0.074
0.041666668,0.074
0.083333336,0.074
0.125,0.073
0.16666667,0.031
0.20833333,0.031
0.25,0.031
0.29166666,0.031
0.33333334,0.031
0.375,0.031
0.41666666,0.031
0.45833334,0.031
0.5,0.031
0.5416667,0.031
0.5833333,0.031
0.625,0.031
0.6666667,0.031
0.7083333,0.031
0.75,0.031
0.7916667,0.031
0.8333333,0.031
0.875,0.031
0.9166667,0.073
0.9583333,0.074
